Store,StoreType,Assortment,CompetitionDistance,CompetitionOpenSinceMonth,CompetitionOpenSinceYear,Promo2,Promo2SinceWeek,Promo2SinceYear,PromoInterval0,PromoInterval1,PromoInterval2,PromoInterval3
1,2,0,1270,9,2008,0,0,2008,0,0,0,0
2,0,0,570,11,2007,1,13,2007,1,4,7,10
3,0,0,14130,12,2006,1,14,2006,1,4,7,10
4,2,2,620,9,2009,0,0,2009,0,0,0,0
5,0,0,16107,4,2015,0,0,2015,0,0,0,0
6,0,0,310,12,2013,0,0,2013,0,0,0,0
7,0,2,16107,4,2013,0,0,2013,0,0,0,0
8,0,0,7520,10,2014,0,0,2014,0,0,0,0
9,0,2,2030,8,2000,0,0,2000,0,0,0,0
10,0,0,3160,9,2009,0,0,2009,0,0,0,0
11,0,2,960,11,2011,1,1,2011,1,4,7,10
12,0,2,1070,1,1990,1,13,1990,1,4,7,10
13,3,0,310,1,1990,1,45,1990,2,5,8,11
14,0,0,1300,3,2014,1,40,2014,1,4,7,10
15,3,2,4110,3,2010,1,14,2010,1,4,7,10
16,0,2,3270,1,1990,0,0,1990,0,0,0,0
17,0,0,50,12,2005,1,26,2005,1,4,7,10
18,3,2,13840,6,2010,1,14,2010,1,4,7,10
19,0,2,3240,1,1990,1,22,1990,3,6,9,12
20,3,0,2340,5,2009,1,40,2009,1,4,7,10
21,2,2,550,10,1999,1,45,1999,1,4,7,10
22,0,0,1040,1,1990,1,22,1990,1,4,7,10
23,3,0,4060,8,2005,0,0,2005,0,0,0,0
24,0,2,4590,3,2000,1,40,2000,1,4,7,10
25,2,0,430,4,2003,0,0,2003,0,0,0,0
26,3,0,2300,1,1990,0,0,1990,0,0,0,0
27,0,0,60,1,2005,1,5,2005,1,4,7,10
28,0,0,1200,10,2014,1,6,2014,3,6,9,12
29,3,2,2170,1,1990,0,0,1990,0,0,0,0
30,0,0,40,2,2014,1,10,2014,3,6,9,12
31,3,2,9800,7,2012,0,0,2012,0,0,0,0
32,0,0,2910,1,1990,1,45,1990,2,5,8,11
33,0,2,1320,5,2013,0,0,2013,0,0,0,0
34,2,0,2240,9,2009,0,0,2009,0,0,0,0
35,3,2,7660,10,2000,1,1,2000,1,4,7,10
36,0,2,540,6,2003,1,40,2003,1,4,7,10
37,2,0,4230,12,2014,0,0,2014,0,0,0,0
38,3,0,1090,4,2007,0,0,2007,0,0,0,0
39,0,0,260,10,2006,1,31,2006,2,5,8,11
40,0,0,180,1,1990,1,45,1990,2,5,8,11
41,3,2,1180,1,1990,1,31,1990,1,4,7,10
42,0,2,290,1,1990,1,40,1990,1,4,7,10
43,3,0,4880,1,1990,1,37,1990,1,4,7,10
44,0,0,540,6,2011,0,0,2011,0,0,0,0
45,3,0,9710,2,2014,0,0,2014,0,0,0,0
46,2,0,1200,9,2005,1,14,2005,1,4,7,10
47,0,2,270,4,2013,1,14,2013,1,4,7,10
48,0,0,1060,5,2012,0,0,2012,0,0,0,0
49,3,2,16107,9,2007,0,0,2007,0,0,0,0
50,3,0,6260,11,2009,0,0,2009,0,0,0,0
51,0,2,10570,7,2013,1,9,2013,1,4,7,10
52,3,2,450,4,2014,1,39,2014,1,4,7,10
53,0,2,16107,9,2013,0,0,2013,0,0,0,0
54,3,2,7170,8,2014,1,5,2014,2,5,8,11
55,0,0,720,11,2004,0,0,2004,0,0,0,0
56,3,2,6620,3,2012,1,10,2012,3,6,9,12
57,3,2,420,6,2014,0,0,2014,0,0,0,0
58,0,2,7340,5,2008,1,27,2008,1,4,7,10
59,0,2,2840,6,2007,1,14,2007,1,4,7,10
60,3,2,5540,10,2009,0,0,2009,0,0,0,0
61,0,2,350,12,2007,1,1,2007,1,4,7,10
62,0,0,2050,1,1990,0,0,1990,0,0,0,0
63,2,2,3700,6,2010,1,18,2010,2,5,8,11
64,3,2,16107,1,1990,1,14,1990,1,4,7,10
65,0,2,13840,5,2010,1,1,2010,1,4,7,10
66,3,0,7660,1,1990,1,37,1990,1,4,7,10
67,0,2,410,2,2006,0,0,2006,0,0,0,0
68,0,2,250,1,1990,1,35,1990,3,6,9,12
69,2,2,1130,1,1990,1,40,1990,1,4,7,10
70,2,2,4840,1,1990,0,0,1990,0,0,0,0
71,0,0,16107,8,2008,1,37,2008,3,6,9,12
72,0,0,2200,12,2009,1,13,2009,1,4,7,10
73,0,2,1650,9,2008,0,0,2008,0,0,0,0
74,0,0,330,1,1990,0,0,1990,0,0,0,0
75,3,2,16107,12,2013,0,0,2013,0,0,0,0
76,3,2,16107,3,2006,0,0,2006,0,0,0,0
77,3,2,1090,8,2009,1,10,2009,1,4,7,10
78,0,0,3510,11,2006,1,5,2006,2,5,8,11
79,0,0,3320,1,1990,0,0,1990,0,0,0,0
80,3,0,7910,1,1990,0,0,1990,0,0,0,0
81,0,0,2370,3,2011,1,40,2011,1,4,7,10
82,0,0,16107,4,2008,1,37,2008,1,4,7,10
83,0,0,2710,1,1990,0,0,1990,0,0,0,0
84,0,2,11810,8,2014,0,0,2014,0,0,0,0
85,1,0,1870,10,2011,0,0,2011,0,0,0,0
86,0,0,480,2,2005,1,31,2005,1,4,7,10
87,0,0,560,12,2010,0,0,2010,0,0,0,0
88,0,0,10690,10,2005,0,0,2005,0,0,0,0
89,0,0,2380,7,2004,1,40,2004,1,4,7,10
90,0,0,330,11,2007,0,0,2007,0,0,0,0
91,2,0,2410,1,1990,1,35,1990,1,4,7,10
92,2,0,240,1,1990,1,45,1990,2,5,8,11
93,0,0,16107,1,1990,1,14,1990,1,4,7,10
94,3,2,14620,1,1990,0,0,1990,0,0,0,0
95,0,0,1890,10,2014,0,0,2014,0,0,0,0
96,0,0,8780,2,2005,1,37,2005,1,4,7,10
97,3,2,8980,1,1990,0,0,1990,0,0,0,0
98,3,2,15140,12,2006,1,1,2006,1,4,7,10
99,2,2,2030,11,2003,1,22,2003,3,6,9,12
100,3,0,16107,1,1990,0,0,1990,0,0,0,0
101,3,2,2440,1,1990,1,22,1990,3,6,9,12
102,0,0,150,12,2007,1,10,2007,3,6,9,12
103,3,2,5210,5,2015,0,0,2015,0,0,0,0
104,0,0,390,6,2009,0,0,2009,0,0,0,0
105,0,2,6190,1,1990,1,23,1990,3,6,9,12
106,0,0,1390,8,2013,0,0,2013,0,0,0,0
107,0,0,1930,9,2009,0,0,2009,0,0,0,0
108,3,2,2190,9,2003,0,0,2003,0,0,0,0
109,0,2,3300,11,2010,0,0,2010,0,0,0,0
110,0,2,16107,4,2013,0,0,2013,0,0,0,0
111,3,2,7890,1,1990,1,37,1990,1,4,7,10
112,0,0,1630,9,2009,0,0,2009,0,0,0,0
113,3,2,16107,11,1999,0,0,1999,0,0,0,0
114,2,0,4510,1,1990,1,48,1990,3,6,9,12
115,3,2,5740,4,2007,1,40,2007,1,4,7,10
116,0,0,680,4,2013,0,0,2013,0,0,0,0
117,0,0,3450,9,2011,0,0,2011,0,0,0,0
118,3,2,3580,9,2012,0,0,2012,0,0,0,0
119,0,2,2100,2,2010,0,0,2010,0,0,0,0
120,3,0,2290,12,2014,1,37,2014,1,4,7,10
121,0,0,3570,11,2009,1,36,2009,3,6,9,12
122,0,2,16107,4,2013,0,0,2013,0,0,0,0
123,0,0,16107,9,2011,0,0,2011,0,0,0,0
124,0,0,1410,4,2003,0,0,2003,0,0,0,0
125,0,0,760,12,2005,0,0,2005,0,0,0,0
126,3,0,3370,10,2014,1,18,2014,2,5,8,11
127,3,0,1350,12,2005,1,13,2005,1,4,7,10
128,3,2,2000,1,1990,1,1,1990,1,4,7,10
129,0,0,2460,1,1990,1,14,1990,1,4,7,10
130,2,0,900,1,1990,1,13,1990,1,4,7,10
131,2,0,920,7,2015,0,0,2015,0,0,0,0
132,3,2,1040,1,1990,1,27,1990,1,4,7,10
133,0,0,270,8,2013,1,10,2013,3,6,9,12
134,0,0,1200,9,2008,0,0,2008,0,0,0,0
135,3,0,5190,1,1990,1,1,1990,1,4,7,10
136,0,2,2200,12,2010,1,22,2010,2,5,8,11
137,0,0,1730,7,2015,1,40,2015,1,4,7,10
138,0,2,16107,10,2014,0,0,2014,0,0,0,0
139,0,0,1700,1,2008,1,14,2008,1,4,7,10
140,0,2,1090,7,2010,1,1,2010,1,4,7,10
141,2,2,1540,1,1990,1,22,1990,3,6,9,12
142,0,0,1090,7,2002,0,0,2002,0,0,0,0
143,3,0,2930,12,2002,0,0,2002,0,0,0,0
144,0,2,16107,1,1990,0,0,1990,0,0,0,0
145,0,0,280,1,1990,1,45,1990,2,5,8,11
146,3,2,8050,10,1961,1,48,1961,1,4,7,10
147,3,2,8540,1,1990,0,0,1990,0,0,0,0
148,0,0,2090,12,2008,0,0,2008,0,0,0,0
149,3,0,2610,7,2006,1,14,2006,1,4,7,10
150,2,2,16107,3,2010,0,0,2010,0,0,0,0
151,3,2,4360,10,2005,0,0,2005,0,0,0,0
152,0,0,1780,1,1990,0,0,1990,0,0,0,0
153,0,0,16107,10,2000,1,18,2000,2,5,8,11
154,3,2,16107,1,1990,0,0,1990,0,0,0,0
155,3,0,3050,1,1990,1,35,1990,1,4,7,10
156,0,0,2020,2,2011,1,14,2011,3,6,9,12
157,0,2,2950,10,2004,0,0,2004,0,0,0,0
158,3,2,11840,1,1990,1,31,1990,2,5,8,11
159,3,0,8530,3,2013,0,0,2013,0,0,0,0
160,3,2,16107,11,2005,0,0,2005,0,0,0,0
161,0,2,2970,3,2005,0,0,2005,0,0,0,0
162,3,2,5340,3,2012,1,13,2012,1,4,7,10
163,0,0,1480,4,2009,0,0,2009,0,0,0,0
164,0,0,1160,9,2005,1,13,2005,1,4,7,10
165,0,0,3720,4,2005,1,13,2005,1,4,7,10
166,0,2,100,4,2014,1,31,2014,1,4,7,10
167,0,0,140,4,2008,0,0,2008,0,0,0,0
168,0,0,12540,1,1990,0,0,1990,0,0,0,0
169,3,0,980,7,2014,1,18,2014,2,5,8,11
170,0,0,1070,5,2015,1,14,2015,1,4,7,10
171,0,0,2640,1,1990,0,0,1990,0,0,0,0
172,0,0,110,1,1990,1,40,1990,1,4,7,10
173,0,0,350,12,2012,0,0,2012,0,0,0,0
174,0,0,13090,1,1990,1,22,1990,1,4,7,10
175,2,0,4130,1,1990,0,0,1990,0,0,0,0
176,0,0,3770,1,1990,0,0,1990,0,0,0,0
177,0,0,1250,2,2004,1,5,2004,2,5,8,11
178,3,0,1710,1,1990,0,0,1990,0,0,0,0
179,0,2,480,1,1990,0,0,1990,0,0,0,0
180,3,0,5800,9,2010,0,0,2010,0,0,0,0
181,0,0,12610,3,2013,1,14,2013,1,4,7,10
182,3,2,1390,1,1990,1,9,1990,3,6,9,12
183,0,0,9670,1,1990,0,0,1990,0,0,0,0
184,3,2,3560,1,1990,0,0,1990,0,0,0,0
185,3,2,1860,5,2015,0,0,2015,0,0,0,0
186,0,0,290,10,2011,1,40,2011,1,4,7,10
187,0,2,16107,1,1990,0,0,1990,0,0,0,0
188,3,0,850,1,1990,1,18,1990,2,5,8,11
189,3,0,5760,7,2014,0,0,2014,0,0,0,0
190,0,0,1470,12,2006,1,40,2006,1,4,7,10
191,0,0,1100,8,2013,1,40,2013,1,4,7,10
192,3,2,2770,3,2008,1,40,2008,1,4,7,10
193,0,0,520,1,1990,0,0,1990,0,0,0,0
194,3,2,16107,1,1990,1,5,1990,2,5,8,11
195,0,2,220,1,1990,0,0,1990,0,0,0,0
196,2,0,3850,11,2005,1,14,2005,1,4,7,10
197,2,0,4210,3,2015,0,0,2015,0,0,0,0
198,0,0,290,9,2002,1,13,2002,1,4,7,10
199,3,2,6360,12,2010,1,14,2010,3,6,9,12
200,0,0,1650,10,2000,0,0,2000,0,0,0,0
201,3,0,16107,1,1990,1,18,1990,3,6,9,12
202,3,2,5140,5,2010,0,0,2010,0,0,0,0
203,2,2,490,11,2002,0,0,2002,0,0,0,0
204,0,0,5630,12,2002,1,40,2002,1,4,7,10
205,0,0,110,12,2007,0,0,2007,0,0,0,0
206,0,2,380,1,1990,1,14,1990,1,4,7,10
207,0,0,6870,1,1990,0,0,1990,0,0,0,0
208,2,0,300,4,2006,0,0,2006,0,0,0,0
209,0,2,11680,9,2011,1,31,2011,1,4,7,10
210,3,0,970,11,1999,1,5,1999,2,5,8,11
211,0,2,350,11,2006,0,0,2006,0,0,0,0
212,0,2,15050,9,2008,0,0,2008,0,0,0,0
213,3,2,4030,3,2014,1,1,2014,1,4,7,10
214,3,0,8650,7,2013,1,10,2013,1,4,7,10
215,3,0,150,1,1990,1,45,1990,2,5,8,11
216,2,0,190,1,1990,1,45,1990,2,5,8,11
217,2,0,3150,1,1990,0,0,1990,0,0,0,0
218,0,2,640,1,1990,1,9,1990,3,6,9,12
219,0,0,1640,2,2013,0,0,2013,0,0,0,0
220,0,0,1000,9,2008,0,0,2008,0,0,0,0
221,3,2,13530,9,2013,0,0,2013,0,0,0,0
222,0,0,2170,11,2008,0,0,2008,0,0,0,0
223,3,2,2920,10,1995,1,27,1995,1,4,7,10
224,3,2,7930,1,1990,1,1,1990,1,4,7,10
225,3,0,10180,5,2015,0,0,2015,0,0,0,0
226,0,0,450,1,1990,0,0,1990,0,0,0,0
227,0,0,2370,1,1990,0,0,1990,0,0,0,0
228,3,2,10800,1,1990,1,18,1990,2,5,8,11
229,3,2,16107,4,2007,1,14,2007,1,4,7,10
230,3,2,6680,9,2013,0,0,2013,0,0,0,0
231,3,2,3840,10,2008,1,39,2008,2,5,8,11
232,2,2,13570,5,2010,1,10,2010,3,6,9,12
233,0,0,1890,1,1990,0,0,1990,0,0,0,0
234,3,0,4370,1,1990,0,0,1990,0,0,0,0
235,0,0,5710,3,2012,1,37,2012,1,4,7,10
236,0,0,1000,11,2007,0,0,2007,0,0,0,0
237,0,0,1420,11,2007,0,0,2007,0,0,0,0
238,0,0,320,1,1990,1,45,1990,2,5,8,11
239,3,2,610,1,1990,0,0,1990,0,0,0,0
240,0,0,1110,5,2009,0,0,2009,0,0,0,0
241,3,2,780,1,1990,0,0,1990,0,0,0,0
242,3,0,6880,9,2001,1,14,2001,1,4,7,10
243,0,0,310,1,1990,1,5,1990,2,5,8,11
244,3,0,710,3,2012,1,1,2012,1,4,7,10
245,0,2,1310,1,1990,0,0,1990,0,0,0,0
246,2,0,4660,4,2013,0,0,2013,0,0,0,0
247,3,2,70,11,2010,1,5,2010,2,5,8,11
248,0,2,340,9,2012,1,40,2012,1,4,7,10
249,3,2,16107,9,2014,0,0,2014,0,0,0,0
250,3,0,3520,1,1990,1,18,1990,2,5,8,11
251,0,2,340,1,1990,0,0,1990,0,0,0,0
252,3,2,16107,1,1990,1,5,1990,2,5,8,11
253,0,2,250,1,1990,1,5,1990,2,5,8,11
254,3,0,330,3,2008,1,1,2008,3,6,9,12
255,2,2,4630,3,2011,1,35,2011,2,5,8,11
256,0,2,80,9,2005,1,10,2005,3,6,9,12
257,0,0,420,12,2012,0,0,2012,0,0,0,0
258,0,0,16107,7,2010,1,37,2010,1,4,7,10
259,1,1,210,1,1990,0,0,1990,0,0,0,0
260,0,0,540,10,2011,0,0,2011,0,0,0,0
261,3,2,15340,4,2015,1,39,2015,1,4,7,10
262,1,0,1180,5,2013,0,0,2013,0,0,0,0
263,0,2,1140,5,2013,1,40,2013,1,4,7,10
264,0,0,180,3,2014,0,0,2014,0,0,0,0
265,0,0,4580,1,1990,1,14,1990,1,4,7,10
266,0,2,360,3,2014,1,9,2014,3,6,9,12
267,2,0,2460,1,2012,0,0,2012,0,0,0,0
268,0,0,4520,2,2014,0,0,2014,0,0,0,0
269,0,2,60,6,2015,0,0,2015,0,0,0,0
270,0,0,1450,7,2014,0,0,2014,0,0,0,0
271,0,0,420,1,1990,1,14,1990,1,4,7,10
272,0,0,16107,7,2003,1,14,2003,1,4,7,10
273,0,2,8480,1,1990,0,0,1990,0,0,0,0
274,1,1,3640,1,1990,1,10,1990,1,4,7,10
275,3,0,300,5,2014,1,40,2014,1,4,7,10
276,0,0,2960,10,2014,1,36,2014,3,6,9,12
277,3,2,7840,1,1990,1,31,1990,2,5,8,11
278,0,2,9260,2,2010,0,0,2010,0,0,0,0
279,3,2,2320,1,1990,1,40,1990,1,4,7,10
280,3,2,16107,9,2013,1,10,2013,3,6,9,12
281,3,2,6970,9,2011,0,0,2011,0,0,0,0
282,0,0,1220,12,2010,0,0,2010,0,0,0,0
283,0,0,2260,1,1990,1,40,1990,1,4,7,10
284,3,0,1290,1,1990,1,40,1990,1,4,7,10
285,0,0,2410,1,1990,0,0,1990,0,0,0,0
286,0,0,1460,4,2015,0,0,2015,0,0,0,0
287,2,0,2740,5,2009,1,40,2009,1,4,7,10
288,3,0,800,1,1990,1,14,1990,3,6,9,12
289,3,0,6540,12,2007,0,0,2007,0,0,0,0
290,0,0,4150,5,2001,0,0,2001,0,0,0,0
291,3,0,2325,1,1990,0,0,1990,0,0,0,0
292,0,0,1100,6,2009,0,0,2009,0,0,0,0
293,2,2,140,11,2007,0,0,2007,0,0,0,0
294,0,0,3150,5,2005,0,0,2005,0,0,0,0
295,0,0,210,11,2000,1,36,2000,3,6,9,12
296,0,0,9580,5,2007,1,45,2007,2,5,8,11
297,0,0,2300,9,2010,0,0,2010,0,0,0,0
298,3,0,16107,7,2009,0,0,2009,0,0,0,0
299,3,2,16107,9,2012,0,0,2012,0,0,0,0
300,0,2,120,4,2009,1,1,2009,1,4,7,10
301,0,2,4510,3,2015,0,0,2015,0,0,0,0
302,3,2,2190,12,2007,1,9,2007,3,6,9,12
303,0,0,15430,11,2012,1,18,2012,2,5,8,11
304,0,0,1950,7,2015,0,0,2015,0,0,0,0
305,2,2,2470,2,2005,1,31,2005,3,6,9,12
306,0,0,5100,4,2007,1,40,2007,1,4,7,10
307,0,0,16107,9,2002,0,0,2002,0,0,0,0
308,0,0,1070,12,2006,1,13,2006,1,4,7,10
309,3,0,8740,1,1990,1,37,1990,2,5,8,11
310,0,2,2290,1,1990,1,10,1990,3,6,9,12
311,0,2,680,7,2005,0,0,2005,0,0,0,0
312,3,0,11300,3,2012,0,0,2012,0,0,0,0
313,3,2,14160,1,1990,0,0,1990,0,0,0,0
314,0,0,3560,10,2001,1,31,2001,2,5,8,11
315,0,2,16107,4,2013,0,0,2013,0,0,0,0
316,3,0,9000,8,2001,0,0,2001,0,0,0,0
317,3,0,3140,7,2013,1,14,2013,1,4,7,10
318,3,2,16107,3,2014,0,0,2014,0,0,0,0
319,0,2,570,9,2012,1,27,2012,3,6,9,12
320,0,2,210,9,2012,0,0,2012,0,0,0,0
321,2,2,8140,11,2013,1,10,2013,3,6,9,12
322,0,0,16107,4,2001,1,37,2001,1,4,7,10
323,3,2,8400,4,2012,1,5,2012,2,5,8,11
324,0,0,13140,1,1990,1,14,1990,1,4,7,10
325,0,2,350,3,2011,1,22,2011,2,5,8,11
326,3,0,10070,5,2015,1,31,2015,2,5,8,11
327,2,2,1390,12,2004,0,0,2004,0,0,0,0
328,0,0,3130,7,2002,0,0,2002,0,0,0,0
329,0,0,1310,6,1990,1,22,1990,3,6,9,12
330,0,2,370,1,1990,1,22,1990,3,6,9,12
331,0,2,670,1,1990,1,14,1990,1,4,7,10
332,0,0,1840,3,2006,0,0,2006,0,0,0,0
333,0,2,3720,2,2010,0,0,2010,0,0,0,0
334,3,2,4040,8,2008,1,18,2008,3,6,9,12
335,1,0,90,1,1990,1,31,1990,1,4,7,10
336,0,0,190,7,2014,0,0,2014,0,0,0,0
337,3,2,10600,7,2005,1,45,2005,2,5,8,11
338,0,2,1590,1,1990,1,37,1990,1,4,7,10
339,0,2,2280,1,1990,1,10,1990,3,6,9,12
340,0,2,8080,1,1990,0,0,1990,0,0,0,0
341,0,0,190,9,2011,0,0,2011,0,0,0,0
342,3,2,15770,1,1990,1,40,1990,1,4,7,10
343,3,0,16107,4,2004,1,14,2004,1,4,7,10
344,0,2,300,4,2011,1,14,2011,1,4,7,10
345,0,0,120,1,1990,1,22,1990,1,4,7,10
346,0,2,8090,1,1990,0,0,1990,0,0,0,0
347,3,2,9360,7,2013,1,22,2013,3,6,9,12
348,0,0,16107,1,1990,1,22,1990,1,4,7,10
349,2,2,1490,4,2009,0,0,2009,0,0,0,0
350,3,0,8880,1,1990,1,14,1990,1,4,7,10
351,0,0,5290,11,2012,1,5,2012,2,5,8,11
352,3,2,6360,1,1990,1,40,1990,3,6,9,12
353,1,1,900,1,1990,1,14,1990,2,5,8,11
354,3,2,1500,10,2005,0,0,2005,0,0,0,0
355,0,2,9720,8,2013,0,0,2013,0,0,0,0
356,3,2,8970,12,2007,1,22,2007,2,5,8,11
357,0,0,2060,10,2008,0,0,2008,0,0,0,0
358,0,0,2890,10,2003,0,0,2003,0,0,0,0
359,3,2,4370,1,1990,0,0,1990,0,0,0,0
360,0,0,2040,6,2007,0,0,2007,0,0,0,0
361,2,2,4490,5,2014,1,5,2014,2,5,8,11
362,2,2,340,1,1990,0,0,1990,0,0,0,0
363,0,0,250,9,2009,0,0,2009,0,0,0,0
364,0,2,13620,1,1990,1,10,1990,3,6,9,12
365,2,0,2410,1,1990,1,45,1990,2,5,8,11
366,3,2,6470,12,2004,0,0,2004,0,0,0,0
367,3,2,2640,9,2012,0,0,2012,0,0,0,0
368,3,2,1450,4,2005,1,45,2005,2,5,8,11
369,3,2,5870,4,2014,0,0,2014,0,0,0,0
370,3,0,8250,10,2000,1,31,2000,1,4,7,10
371,3,2,1970,7,2009,1,45,2009,2,5,8,11
372,3,2,4880,8,2010,1,18,2010,1,4,7,10
373,3,2,11120,1,1990,1,22,1990,1,4,7,10
374,0,0,1150,9,2007,0,0,2007,0,0,0,0
375,0,2,15710,2,2013,1,37,2013,1,4,7,10
376,0,0,160,8,2012,0,0,2012,0,0,0,0
377,0,2,100,6,2010,1,18,2010,2,5,8,11
378,0,2,2140,8,2012,0,0,2012,0,0,0,0
379,3,0,6630,1,1990,0,0,1990,0,0,0,0
380,0,0,2240,5,2013,1,10,2013,3,6,9,12
381,0,0,1800,11,2006,1,5,2006,2,5,8,11
382,2,2,16107,11,2002,0,0,2002,0,0,0,0
383,0,2,350,1,1990,0,0,1990,0,0,0,0
384,0,2,130,1,1990,1,14,1990,1,4,7,10
385,3,0,4580,9,2007,0,0,2007,0,0,0,0
386,3,2,1460,4,2014,1,31,2014,1,4,7,10
387,2,0,210,1,1990,1,36,1990,3,6,9,12
388,0,0,2260,1,1990,0,0,1990,0,0,0,0
389,0,2,6690,8,2011,0,0,2011,0,0,0,0
390,0,2,1600,4,2009,0,0,2009,0,0,0,0
391,0,0,460,11,2014,1,31,2014,2,5,8,11
392,0,0,2120,1,1990,0,0,1990,0,0,0,0
393,3,2,4820,3,2008,0,0,2008,0,0,0,0
394,3,0,10850,1,1990,0,0,1990,0,0,0,0
395,0,0,3620,2,2013,0,0,2013,0,0,0,0
396,0,2,16107,1,1990,0,0,1990,0,0,0,0
397,0,2,130,1,1990,1,27,1990,2,5,8,11
398,2,2,1540,1,1990,1,1,1990,1,4,7,10
399,0,0,5360,9,2012,1,40,2012,1,4,7,10
400,0,0,70,11,2004,1,14,2004,1,4,7,10
401,0,2,9200,10,2009,1,14,2009,1,4,7,10
402,2,2,5830,9,2011,1,13,2011,1,4,7,10
403,0,0,4970,7,2015,0,0,2015,0,0,0,0
404,0,2,1420,1,1990,1,10,1990,3,6,9,12
405,0,0,1080,4,2008,1,14,2008,1,4,7,10
406,3,2,8240,3,2001,1,10,2001,2,5,8,11
407,0,0,5890,10,2003,1,14,2003,2,5,8,11
408,2,0,1560,1,1990,1,45,1990,2,5,8,11
409,3,2,840,1,1990,1,1,1990,1,4,7,10
410,2,0,40,11,2011,1,22,2011,3,6,9,12
411,3,2,8460,1,1990,0,0,1990,0,0,0,0
412,3,2,4460,1,1990,1,39,1990,1,4,7,10
413,0,2,760,9,2014,0,0,2014,0,0,0,0
414,3,2,6210,1,1990,1,1,1990,1,4,7,10
415,3,2,6910,4,2005,0,0,2005,0,0,0,0
416,0,2,4650,6,2014,0,0,2014,0,0,0,0
417,0,2,840,1,1990,1,10,1990,1,4,7,10
418,0,0,1060,5,2009,1,27,2009,2,5,8,11
419,2,0,1620,9,2009,0,0,2009,0,0,0,0
420,3,2,250,1,1990,1,27,1990,1,4,7,10
421,2,2,3530,6,2012,1,35,2012,3,6,9,12
422,0,2,2880,1,1990,0,0,1990,0,0,0,0
423,1,0,1270,5,2014,0,0,2014,0,0,0,0
424,3,2,1250,1,1990,1,40,1990,1,4,7,10
425,3,2,1460,1,1990,0,0,1990,0,0,0,0
426,0,0,250,1,1990,0,0,1990,0,0,0,0
427,0,2,70,7,2005,1,13,2005,1,4,7,10
428,3,0,2960,12,2014,1,23,2014,3,6,9,12
429,3,2,16107,7,2005,1,31,2005,1,4,7,10
430,3,2,12870,10,2008,0,0,2008,0,0,0,0
431,3,2,4520,1,1990,0,0,1990,0,0,0,0
432,0,0,810,5,2013,0,0,2013,0,0,0,0
433,0,2,16107,11,2010,0,0,2010,0,0,0,0
434,0,0,13020,8,2003,1,40,2003,1,4,7,10
435,0,0,910,1,1990,0,0,1990,0,0,0,0
436,3,0,2300,1,1990,0,0,1990,0,0,0,0
437,2,2,430,1,1990,1,50,1990,1,4,7,10
438,3,2,1110,1,1990,1,40,1990,1,4,7,10
439,0,0,1350,9,2009,0,0,2009,0,0,0,0
440,3,0,3900,4,2005,1,45,2005,2,5,8,11
441,3,0,2530,1,1990,0,0,1990,0,0,0,0
442,2,0,500,1,1990,1,45,1990,2,5,8,11
443,3,0,11400,12,2005,0,0,2005,0,0,0,0
444,2,0,1700,11,2009,0,0,2009,0,0,0,0
445,0,0,240,1,1990,0,0,1990,0,0,0,0
446,0,0,340,10,2000,1,31,2000,2,5,8,11
447,0,2,1510,9,2013,0,0,2013,0,0,0,0
448,0,2,3970,9,2009,0,0,2009,0,0,0,0
449,0,2,120,12,2014,1,37,2014,1,4,7,10
450,2,0,5780,11,1994,1,10,1994,3,6,9,12
451,0,0,2460,4,2009,1,13,2009,1,4,7,10
452,0,2,1850,8,2013,1,5,2013,2,5,8,11
453,0,2,16107,1,1990,0,0,1990,0,0,0,0
454,0,0,16107,1,1990,0,0,1990,0,0,0,0
455,3,2,7660,9,2010,0,0,2010,0,0,0,0
456,0,2,140,1,1990,0,0,1990,0,0,0,0
457,3,2,13140,1,1990,1,31,1990,1,4,7,10
458,2,0,3390,1,1990,0,0,1990,0,0,0,0
459,0,0,250,9,2008,1,5,2008,2,5,8,11
460,0,0,16107,4,2008,0,0,2008,0,0,0,0
461,3,2,1790,7,2013,1,40,2013,1,4,7,10
462,0,0,16107,8,2008,0,0,2008,0,0,0,0
463,0,0,4160,1,1990,0,0,1990,0,0,0,0
464,2,0,520,3,2009,0,0,2009,0,0,0,0
465,3,2,10890,4,2005,0,0,2005,0,0,0,0
466,0,2,3110,3,2003,0,0,2003,0,0,0,0
467,0,2,16107,4,2008,0,0,2008,0,0,0,0
468,2,2,5260,9,2012,0,0,2012,0,0,0,0
469,2,2,710,9,2005,0,0,2005,0,0,0,0
470,0,2,50,1,1990,0,0,1990,0,0,0,0
471,3,0,5300,1,1990,1,45,1990,2,5,8,11
472,2,2,5030,8,2011,0,0,2011,0,0,0,0
473,0,0,50,1,1990,0,0,1990,0,0,0,0
474,2,0,14810,1,1990,1,14,1990,3,6,9,12
475,0,0,140,9,2005,0,0,2005,0,0,0,0
476,3,0,8300,9,2006,0,0,2006,0,0,0,0
477,3,0,770,7,2010,1,35,2010,1,4,7,10
478,3,2,1940,3,2012,0,0,2012,0,0,0,0
479,0,0,320,12,2005,1,9,2005,2,5,8,11
480,0,0,300,11,2012,0,0,2012,0,0,0,0
481,2,2,7470,1,1990,1,44,1990,2,5,8,11
482,2,0,2550,10,2005,0,0,2005,0,0,0,0
483,0,2,2310,9,2011,1,13,2011,1,4,7,10
484,0,2,14300,3,2011,0,0,2011,0,0,0,0
485,3,2,3270,1,1990,1,22,1990,1,4,7,10
486,0,0,2320,1,1990,1,31,1990,1,4,7,10
487,3,2,2180,9,2012,1,40,2012,1,4,7,10
488,0,2,2890,4,2014,0,0,2014,0,0,0,0
489,0,0,14960,11,2013,1,37,2013,1,4,7,10
490,0,0,660,4,2013,1,40,2013,1,4,7,10
491,3,2,4680,1,1990,1,22,1990,3,6,9,12
492,0,0,1740,3,2008,1,40,2008,1,4,7,10
493,3,2,1150,1,1990,1,14,1990,1,4,7,10
494,1,0,1260,6,2011,0,0,2011,0,0,0,0
495,3,0,5470,1,1990,1,37,1990,1,4,7,10
496,3,2,2780,6,2015,0,0,2015,0,0,0,0
497,0,2,1610,1,1990,0,0,1990,0,0,0,0
498,0,0,990,1,1990,1,40,1990,1,4,7,10
499,2,2,450,1,1990,1,5,1990,2,5,8,11
500,3,2,10690,9,2007,1,5,2007,1,4,7,10
501,0,2,1620,9,2006,0,0,2006,0,0,0,0
502,0,0,220,2,2002,1,37,2002,1,4,7,10
503,3,2,13080,9,2006,1,14,2006,1,4,7,10
504,2,2,820,1,1990,0,0,1990,0,0,0,0
505,0,0,350,1,1990,1,5,1990,2,5,8,11
506,0,0,1850,12,2014,1,18,2014,2,5,8,11
507,0,2,9070,4,2011,1,37,2011,1,4,7,10
508,0,2,1280,1,1990,1,40,1990,1,4,7,10
509,0,0,4740,7,2008,1,37,2008,1,4,7,10
510,0,2,8260,1,1990,0,0,1990,0,0,0,0
511,0,0,2060,9,2009,0,0,2009,0,0,0,0
512,1,1,590,1,1990,1,5,1990,3,6,9,12
513,0,0,400,8,2013,0,0,2013,0,0,0,0
514,2,2,1200,7,2012,1,27,2012,1,4,7,10
515,3,2,11260,1,1990,1,9,1990,2,5,8,11
516,0,2,20,1,1990,1,35,1990,3,6,9,12
517,0,2,16107,1,1990,0,0,1990,0,0,0,0
518,3,2,3330,3,2015,1,13,2015,1,4,7,10
519,2,2,2510,8,2009,1,1,2009,1,4,7,10
520,0,2,6900,1,1990,1,40,1990,3,6,9,12
521,3,0,16107,11,2002,1,48,2002,3,6,9,12
522,3,2,7160,11,2012,1,9,2012,1,4,7,10
523,2,2,50,11,2013,0,0,2013,0,0,0,0
524,0,2,16107,9,2013,0,0,2013,0,0,0,0
525,3,2,1870,9,2013,0,0,2013,0,0,0,0
526,0,0,120,1,1990,1,48,1990,3,6,9,12
527,3,2,5830,4,2008,0,0,2008,0,0,0,0
528,0,2,16107,1,1990,1,37,1990,1,4,7,10
529,3,2,12920,9,2012,0,0,2012,0,0,0,0
530,0,2,16107,1,1990,0,0,1990,0,0,0,0
531,0,2,4030,1,1990,0,0,1990,0,0,0,0
532,0,2,1070,8,2010,0,0,2010,0,0,0,0
533,0,2,5950,1,1990,0,0,1990,0,0,0,0
534,3,0,1200,9,2009,1,45,2009,1,4,7,10
535,0,0,3570,4,2007,0,0,2007,0,0,0,0
536,0,2,4700,9,2002,1,31,2002,2,5,8,11
537,0,0,600,5,2002,1,1,2002,1,4,7,10
538,0,0,990,2,2010,0,0,2010,0,0,0,0
539,0,0,770,5,2013,1,40,2013,1,4,7,10
540,3,2,810,1,1990,1,48,1990,1,4,7,10
541,0,2,650,7,1990,0,0,1990,0,0,0,0
542,0,0,7280,9,2012,1,1,2012,1,4,7,10
543,2,0,1080,12,2012,0,0,2012,0,0,0,0
544,0,0,250,12,2001,1,13,2001,1,4,7,10
545,0,2,5020,5,2006,1,18,2006,2,5,8,11
546,0,0,580,1,2005,0,0,2005,0,0,0,0
547,3,2,8990,11,2009,1,35,2009,3,6,9,12
548,3,2,3760,2,2009,0,0,2009,0,0,0,0
549,0,2,2330,1,1990,0,0,1990,0,0,0,0
550,3,2,50,6,2015,0,0,2015,0,0,0,0
551,0,2,2190,9,2013,0,0,2013,0,0,0,0
552,0,0,4260,7,2008,1,37,2008,1,4,7,10
553,2,0,3040,9,2002,1,13,2002,1,4,7,10
554,2,2,1200,1,1990,0,0,1990,0,0,0,0
555,3,0,1560,1,2014,1,10,2014,3,6,9,12
556,3,2,1140,11,2014,0,0,2014,0,0,0,0
557,0,0,250,1,1990,0,0,1990,0,0,0,0
558,0,0,3000,2,2010,0,0,2010,0,0,0,0
559,3,0,3910,11,2006,1,5,2006,2,5,8,11
560,2,2,1910,7,2013,0,0,2013,0,0,0,0
561,3,0,14300,1,1990,0,0,1990,0,0,0,0
562,1,2,1210,1,1990,0,0,1990,0,0,0,0
563,0,0,700,3,2015,1,10,2015,1,4,7,10
564,3,2,6540,1,1990,1,14,1990,1,4,7,10
565,0,2,160,7,2007,0,0,2007,0,0,0,0
566,0,0,3620,1,1990,1,40,1990,1,4,7,10
567,2,0,1010,9,2012,1,18,2012,2,5,8,11
568,3,2,4270,1,1990,1,1,1990,1,4,7,10
569,0,0,1340,9,2006,0,0,2006,0,0,0,0
570,0,0,180,11,2006,0,0,2006,0,0,0,0
571,3,0,2110,11,1995,1,40,1995,1,4,7,10
572,3,2,9230,4,2004,1,37,2004,1,4,7,10
573,0,0,1190,11,2012,1,36,2012,1,4,7,10
574,3,0,4400,1,1990,0,0,1990,0,0,0,0
575,0,0,960,5,2008,1,13,2008,1,4,7,10
576,2,0,50,11,2006,0,0,2006,0,0,0,0
577,0,2,2270,1,1990,1,35,1990,3,6,9,12
578,3,0,12700,4,2013,0,0,2013,0,0,0,0
579,2,0,16107,11,2012,0,0,2012,0,0,0,0
580,0,2,170,2,2009,0,0,2009,0,0,0,0
581,0,0,7250,12,2013,0,0,2013,0,0,0,0
582,0,0,120,1,1990,0,0,1990,0,0,0,0
583,0,0,2640,11,2002,0,0,2002,0,0,0,0
584,3,0,1360,1,1990,1,35,1990,3,6,9,12
585,3,2,440,4,2014,0,0,2014,0,0,0,0
586,0,2,250,10,2008,0,0,2008,0,0,0,0
587,3,2,330,9,2006,1,14,2006,1,4,7,10
588,3,2,15720,3,2010,0,0,2010,0,0,0,0
589,0,2,360,1,1990,1,18,1990,2,5,8,11
590,3,2,4520,9,2010,1,31,2010,1,4,7,10
591,0,2,3340,1,1990,1,22,1990,3,6,9,12
592,0,0,2540,6,2005,0,0,2005,0,0,0,0
593,0,2,16107,3,2010,0,0,2010,0,0,0,0
594,0,0,1790,10,2011,0,0,2011,0,0,0,0
595,2,2,1130,6,2015,0,0,2015,0,0,0,0
596,2,0,290,9,2006,0,0,2006,0,0,0,0
597,0,0,150,9,2008,1,1,2008,3,6,9,12
598,2,0,550,12,2013,1,40,2013,1,4,7,10
599,3,2,580,11,2014,0,0,2014,0,0,0,0
600,3,2,16107,6,2010,1,9,2010,2,5,8,11
601,3,0,8220,4,2014,1,14,2014,1,4,7,10
602,0,0,2710,7,2001,1,22,2001,3,6,9,12
603,0,0,340,4,2007,1,13,2007,1,4,7,10
604,3,0,10950,3,2014,0,0,2014,0,0,0,0
605,3,0,10310,4,2003,1,37,2003,1,4,7,10
606,0,0,2260,11,2007,0,0,2007,0,0,0,0
607,0,0,350,8,1999,1,14,1999,1,4,7,10
608,0,2,16107,2,2013,1,14,2013,1,4,7,10
609,0,0,2070,9,2007,0,0,2007,0,0,0,0
610,0,0,660,1,2007,0,0,2007,0,0,0,0
611,0,0,8080,12,2002,1,40,2002,1,4,7,10
612,3,2,2490,11,2012,1,31,2012,1,4,7,10
613,2,0,250,6,2007,1,14,2007,1,4,7,10
614,0,0,1160,12,2012,0,0,2012,0,0,0,0
615,3,0,730,8,2007,0,0,2007,0,0,0,0
616,0,2,3040,8,2011,1,35,2011,3,6,9,12
617,0,2,8940,1,1990,1,9,1990,1,4,7,10
618,3,2,9910,1,1990,0,0,1990,0,0,0,0
619,0,0,1600,6,2006,1,45,2006,2,5,8,11
620,3,2,5440,1,1990,1,40,1990,1,4,7,10
621,0,0,30,7,2002,0,0,2002,0,0,0,0
622,0,2,2325,1,1990,0,0,1990,0,0,0,0
623,0,0,4080,3,2011,1,13,2011,1,4,7,10
624,0,2,6920,9,2011,0,0,2011,0,0,0,0
625,0,0,1170,4,2011,1,22,2011,2,5,8,11
626,2,2,10740,11,2013,0,0,2013,0,0,0,0
627,2,2,3970,3,2010,0,0,2010,0,0,0,0
628,0,2,2180,1,1990,0,0,1990,0,0,0,0
629,3,0,510,7,2014,1,23,2014,3,6,9,12
630,0,0,1690,4,2015,0,0,2015,0,0,0,0
631,3,2,2870,1,1990,1,35,1990,3,6,9,12
632,0,0,3350,2,2010,0,0,2010,0,0,0,0
633,3,0,11640,4,2005,1,22,2005,1,4,7,10
634,3,0,16107,1,1990,0,0,1990,0,0,0,0
635,0,0,16107,4,2014,0,0,2014,0,0,0,0
636,2,0,720,10,2004,1,13,2004,1,4,7,10
637,3,2,9790,1,1990,1,31,1990,2,5,8,11
638,3,0,10170,11,2001,0,0,2001,0,0,0,0
639,0,0,7780,11,2006,0,0,2006,0,0,0,0
640,3,2,8040,1,1990,0,0,1990,0,0,0,0
641,0,2,610,12,2003,1,36,2003,3,6,9,12
642,2,2,530,4,2005,1,35,2005,3,6,9,12
643,0,0,230,6,2010,1,18,2010,2,5,8,11
644,2,0,4030,12,2004,1,14,2004,1,4,7,10
645,0,0,90,1,1990,1,45,1990,2,5,8,11
646,0,0,620,9,2014,0,0,2014,0,0,0,0
647,0,2,7420,4,2013,0,0,2013,0,0,0,0
648,3,0,2130,12,2008,0,0,2008,0,0,0,0
649,0,0,14570,11,2002,0,0,2002,0,0,0,0
650,0,0,1420,10,2012,1,40,2012,1,4,7,10
651,0,0,200,1,1990,0,0,1990,0,0,0,0
652,0,0,16107,1,1990,0,0,1990,0,0,0,0
653,3,2,7520,7,2014,1,45,2014,2,5,8,11
654,2,0,6930,9,2006,0,0,2006,0,0,0,0
655,3,2,960,11,2012,1,5,2012,2,5,8,11
656,3,0,410,4,2009,1,13,2009,1,4,7,10
657,2,2,80,1,2006,1,10,2006,1,4,7,10
658,3,2,520,1,1990,1,37,1990,1,4,7,10
659,3,0,1590,3,2012,0,0,2012,0,0,0,0
660,0,0,1200,11,2006,1,40,2006,1,4,7,10
661,3,2,2140,7,2013,0,0,2013,0,0,0,0
662,3,0,1070,1,1990,0,0,1990,0,0,0,0
663,0,2,7860,5,2005,0,0,2005,0,0,0,0
664,3,2,1680,10,2005,0,0,2005,0,0,0,0
665,0,0,90,12,2012,1,14,2012,1,4,7,10
666,2,2,2700,1,1990,1,9,1990,3,6,9,12
667,3,2,2870,9,2012,0,0,2012,0,0,0,0
668,2,0,1270,9,2010,0,0,2010,0,0,0,0
669,3,0,16107,7,2012,1,31,2012,1,4,7,10
670,0,0,2060,1,1990,1,45,1990,2,5,8,11
671,0,2,2070,2,2008,1,39,2008,1,4,7,10
672,2,0,240,9,2002,0,0,2002,0,0,0,0
673,3,2,15170,1,1990,1,5,1990,2,5,8,11
674,0,0,2640,12,2005,1,31,2005,2,5,8,11
675,0,0,2100,8,2013,1,14,2013,1,4,7,10
676,1,1,1410,9,2008,0,0,2008,0,0,0,0
677,3,0,1740,6,2014,1,45,2014,2,5,8,11
678,2,0,3250,1,1990,1,40,1990,1,4,7,10
679,0,0,4140,9,2012,0,0,2012,0,0,0,0
680,2,0,170,1,1990,1,35,1990,3,6,9,12
681,0,2,620,1,1990,1,1,1990,3,6,9,12
682,1,0,150,9,2006,0,0,2006,0,0,0,0
683,0,0,2850,7,2014,0,0,2014,0,0,0,0
684,3,2,680,1,1990,1,22,1990,1,4,7,10
685,0,0,650,11,2013,1,37,2013,1,4,7,10
686,0,0,16107,4,2002,0,0,2002,0,0,0,0
687,3,2,2770,1,1990,0,0,1990,0,0,0,0
688,0,0,16107,8,2015,1,14,2015,1,4,7,10
689,3,0,15040,10,2004,0,0,2004,0,0,0,0
690,0,0,100,1,1990,0,0,1990,0,0,0,0
691,3,2,3030,1,1990,1,37,1990,1,4,7,10
692,0,0,40,8,2001,0,0,2001,0,0,0,0
693,3,0,450,1,1990,1,40,1990,1,4,7,10
694,0,2,460,11,2012,1,40,2012,1,4,7,10
695,0,0,550,7,2011,1,1,2011,1,4,7,10
696,0,2,430,1,1990,0,0,1990,0,0,0,0
697,3,0,3780,1,1990,1,40,1990,1,4,7,10
698,0,0,1790,5,2011,0,0,2011,0,0,0,0
699,0,0,180,1,1990,1,5,1990,1,4,7,10
700,0,2,830,1,1990,1,27,1990,1,4,7,10
701,3,0,1450,3,2012,1,14,2012,1,4,7,10
702,0,0,8550,9,2001,1,45,2001,2,5,8,11
703,0,0,80,6,2005,0,0,2005,0,0,0,0
704,3,2,1910,4,2009,0,0,2009,0,0,0,0
705,0,0,4140,9,2012,1,18,2012,2,5,8,11
706,3,0,7830,9,2014,1,10,2014,3,6,9,12
707,0,2,2900,7,1990,0,0,1990,0,0,0,0
708,2,2,11470,10,2009,1,18,2009,1,4,7,10
709,0,0,500,12,2010,0,0,2010,0,0,0,0
710,3,0,1500,9,2008,1,14,2008,1,4,7,10
711,3,0,16107,3,2007,1,5,2007,1,4,7,10
712,0,0,4870,9,2007,1,45,2007,1,4,7,10
713,0,2,220,1,1990,1,10,1990,1,4,7,10
714,3,2,12070,10,2005,1,10,2005,1,4,7,10
715,0,0,14810,6,2014,0,0,2014,0,0,0,0
716,3,0,3200,1,2008,1,22,2008,1,4,7,10
717,3,2,310,1,1990,1,40,1990,1,4,7,10
718,0,0,1100,6,2015,0,0,2015,0,0,0,0
719,2,2,8190,1,1990,1,45,1990,2,5,8,11
720,0,2,15320,3,2011,1,14,2011,2,5,8,11
721,0,2,3590,9,2012,1,22,2012,3,6,9,12
722,0,0,50,1,1990,0,0,1990,0,0,0,0
723,3,2,5650,9,2008,1,5,2008,2,5,8,11
724,3,2,5900,1,1990,0,0,1990,0,0,0,0
725,3,2,16107,6,2012,0,0,2012,0,0,0,0
726,0,2,16107,2,2002,0,0,2002,0,0,0,0
727,0,0,2050,3,2007,0,0,2007,0,0,0,0
728,3,0,13990,1,1990,1,14,1990,1,4,7,10
729,2,2,8980,6,2011,0,0,2011,0,0,0,0
730,2,0,1190,9,2013,0,0,2013,0,0,0,0
731,0,0,15270,1,1990,1,10,1990,1,4,7,10
732,0,2,16107,1,1990,0,0,1990,0,0,0,0
733,1,1,860,10,1999,0,0,1999,0,0,0,0
734,0,0,220,1,1990,1,36,1990,3,6,9,12
735,3,2,1920,4,2005,0,0,2005,0,0,0,0
736,2,2,1650,1,1990,1,14,1990,1,4,7,10
737,0,0,100,5,2007,1,31,2007,1,4,7,10
738,3,2,5980,10,2005,0,0,2005,0,0,0,0
739,3,2,2770,6,2008,1,22,2008,1,4,7,10
740,3,0,6400,3,2014,0,0,2014,0,0,0,0
741,3,2,11900,1,1990,0,0,1990,0,0,0,0
742,3,2,4380,1,1990,0,0,1990,0,0,0,0
743,0,0,6710,11,2003,1,14,2003,1,4,7,10
744,0,0,1370,12,2011,1,40,2011,1,4,7,10
745,0,0,16107,11,2013,1,37,2013,1,4,7,10
746,3,2,4330,2,2011,1,35,2011,3,6,9,12
747,2,2,16107,8,2008,0,0,2008,0,0,0,0
748,3,0,2380,3,2010,1,14,2010,1,4,7,10
749,0,0,3410,8,2011,1,14,2011,1,4,7,10
750,3,0,8670,2,2002,1,14,2002,1,4,7,10
751,0,0,650,10,2006,0,0,2006,0,0,0,0
752,0,0,970,3,2013,1,31,2013,2,5,8,11
753,3,2,540,11,2012,1,35,2012,3,6,9,12
754,2,2,380,5,2008,1,10,2008,3,6,9,12
755,3,2,13130,12,2003,0,0,2003,0,0,0,0
756,0,2,50,1,1990,1,40,1990,1,4,7,10
757,0,2,3450,1,1990,0,0,1990,0,0,0,0
758,0,2,16107,6,2008,0,0,2008,0,0,0,0
759,0,0,110,11,2012,1,31,2012,2,5,8,11
760,0,0,560,1,2011,0,0,2011,0,0,0,0
761,0,0,2390,9,2012,0,0,2012,0,0,0,0
762,3,2,1280,1,1990,1,10,1990,3,6,9,12
763,3,2,16107,3,2010,0,0,2010,0,0,0,0
764,0,2,16107,1,1990,1,10,1990,3,6,9,12
765,0,2,16107,5,1999,1,37,1999,1,4,7,10
766,3,2,9820,1,1990,0,0,1990,0,0,0,0
767,0,2,13080,1,1990,0,0,1990,0,0,0,0
768,0,2,2630,9,2012,0,0,2012,0,0,0,0
769,1,1,840,1,1990,1,48,1990,1,4,7,10
770,0,2,100,4,2015,0,0,2015,0,0,0,0
771,0,0,16107,9,2007,0,0,2007,0,0,0,0
772,3,2,1850,1,1990,0,0,1990,0,0,0,0
773,0,0,200,1,1990,0,0,1990,0,0,0,0
774,0,2,640,9,2013,0,0,2013,0,0,0,0
775,3,2,6970,12,2005,1,22,2005,1,4,7,10
776,2,0,700,4,2009,1,14,2009,1,4,7,10
777,3,2,8250,10,2004,1,10,2004,3,6,9,12
778,0,0,340,6,2003,1,40,2003,1,4,7,10
779,0,0,16107,4,2004,0,0,2004,0,0,0,0
780,0,0,16107,1,1990,0,0,1990,0,0,0,0
781,0,0,630,4,2007,0,0,2007,0,0,0,0
782,2,2,5390,8,2003,1,1,2003,1,4,7,10
783,3,2,15490,1,1990,0,0,1990,0,0,0,0
784,0,0,560,10,2014,1,10,2014,1,4,7,10
785,3,2,970,7,2005,1,31,2005,2,5,8,11
786,0,0,290,11,2006,1,5,2006,2,5,8,11
787,2,2,3210,6,2009,0,0,2009,0,0,0,0
788,0,2,1530,3,2013,0,0,2013,0,0,0,0
789,0,2,9770,7,2003,0,0,2003,0,0,0,0
790,3,2,9070,12,2003,0,0,2003,0,0,0,0
791,0,0,5950,4,2007,0,0,2007,0,0,0,0
792,3,0,16107,10,2009,1,18,2009,2,5,8,11
793,3,0,2710,7,2006,0,0,2006,0,0,0,0
794,2,2,5090,9,2006,0,0,2006,0,0,0,0
795,3,0,510,1,1990,1,35,1990,3,6,9,12
796,0,2,7180,11,2012,0,0,2012,0,0,0,0
797,0,0,2090,10,2012,1,40,2012,1,4,7,10
798,0,0,9560,4,2001,0,0,2001,0,0,0,0
799,0,2,2700,1,1990,0,0,1990,0,0,0,0
800,3,0,2020,7,2014,0,0,2014,0,0,0,0
801,3,0,16107,4,2013,0,0,2013,0,0,0,0
802,0,2,910,1,1990,1,22,1990,2,5,8,11
803,3,0,1760,1,1990,1,10,1990,3,6,9,12
804,2,2,2100,1,1990,1,1,1990,1,4,7,10
805,3,0,16107,10,2011,1,10,2011,3,6,9,12
806,3,0,260,1,1990,1,44,1990,2,5,8,11
807,0,0,3870,4,2008,0,0,2008,0,0,0,0
808,0,0,16107,1,1990,1,31,1990,2,5,8,11
809,0,0,12770,10,2000,0,0,2000,0,0,0,0
810,3,2,9640,11,2013,0,0,2013,0,0,0,0
811,0,0,410,9,2012,0,0,2012,0,0,0,0
812,3,0,2590,9,2012,0,0,2012,0,0,0,0
813,0,0,1560,9,2003,0,0,2003,0,0,0,0
814,3,2,16107,7,2013,0,0,2013,0,0,0,0
815,0,0,590,1,1900,1,40,1900,1,4,7,10
816,2,2,460,1,1990,0,0,1990,0,0,0,0
817,0,0,140,3,2006,0,0,2006,0,0,0,0
818,3,0,490,1,1990,1,35,1990,3,6,9,12
819,0,2,720,10,2014,0,0,2014,0,0,0,0
820,0,2,1650,1,1990,1,40,1990,1,4,7,10
821,0,0,1700,9,2009,0,0,2009,0,0,0,0
822,0,2,410,11,2010,1,48,2010,3,6,9,12
823,0,2,16107,11,2010,0,0,2010,0,0,0,0
824,0,0,16107,1,1990,0,0,1990,0,0,0,0
825,0,0,380,5,2011,1,40,2011,1,4,7,10
826,0,2,7980,6,2005,0,0,2005,0,0,0,0
827,0,2,250,1,2005,0,0,2005,0,0,0,0
828,3,2,3290,12,2014,0,0,2014,0,0,0,0
829,2,0,110,1,1990,0,0,1990,0,0,0,0
830,0,2,6320,1,1990,1,5,1990,1,4,7,10
831,0,0,800,6,2007,0,0,2007,0,0,0,0
832,3,0,5070,1,1990,1,45,1990,2,5,8,11
833,3,2,3290,12,1999,1,35,1999,3,6,9,12
834,0,0,3470,3,2012,0,0,2012,0,0,0,0
835,0,0,2890,12,2007,1,10,2007,3,6,9,12
836,0,0,2720,9,2012,0,0,2012,0,0,0,0
837,0,2,14600,4,2015,0,0,2015,0,0,0,0
838,3,2,6890,1,1990,1,48,1990,3,6,9,12
839,2,0,240,1,2015,0,0,2015,0,0,0,0
840,0,0,1070,9,2009,0,0,2009,0,0,0,0
841,0,0,16107,8,2004,0,0,2004,0,0,0,0
842,3,2,1200,11,2007,0,0,2007,0,0,0,0
843,2,0,60,4,2006,0,0,2006,0,0,0,0
844,0,0,2030,9,2012,1,18,2012,2,5,8,11
845,3,0,7860,11,2005,1,14,2005,1,4,7,10
846,0,2,8860,4,2004,1,37,2004,1,4,7,10
847,2,2,190,1,1990,1,31,1990,2,5,8,11
848,0,2,370,7,2007,1,14,2007,1,4,7,10
849,2,2,5000,1,1990,0,0,1990,0,0,0,0
850,3,0,1120,5,2007,1,31,2007,1,4,7,10
851,3,2,2330,1,1990,1,49,1990,3,6,9,12
852,2,0,940,4,2004,1,14,2004,1,4,7,10
853,0,0,14040,1,1990,0,0,1990,0,0,0,0
854,2,0,4770,1,1990,1,13,1990,1,4,7,10
855,0,0,3440,1,1990,1,45,1990,2,5,8,11
856,0,0,3020,2,2010,0,0,2010,0,0,0,0
857,2,0,6270,8,2005,1,23,2005,3,6,9,12
858,0,0,3370,12,2008,1,40,2008,1,4,7,10
859,2,0,16107,7,2015,0,0,2015,0,0,0,0
860,2,2,5980,2,2010,0,0,2010,0,0,0,0
861,2,2,740,1,1990,1,14,1990,3,6,9,12
862,0,2,2840,3,2010,1,14,2010,1,4,7,10
863,0,2,16107,11,2010,0,0,2010,0,0,0,0
864,0,0,1020,10,2012,1,45,2012,2,5,8,11
865,3,2,2640,1,1990,0,0,1990,0,0,0,0
866,3,0,9680,1,1990,1,5,1990,2,5,8,11
867,3,2,16107,9,2012,0,0,2012,0,0,0,0
868,3,2,1360,8,2005,1,10,2005,1,4,7,10
869,2,0,230,10,2001,1,14,2001,1,4,7,10
870,0,0,780,4,2009,0,0,2009,0,0,0,0
871,3,2,10620,1,1990,0,0,1990,0,0,0,0
872,0,2,3860,9,2014,1,23,2014,3,6,9,12
873,0,0,2040,11,2008,0,0,2008,0,0,0,0
874,0,0,3210,1,1990,0,0,1990,0,0,0,0
875,3,0,5070,11,2007,1,18,2007,2,5,8,11
876,0,0,16107,4,2005,1,18,2005,2,5,8,11
877,0,2,16107,1,1990,0,0,1990,0,0,0,0
878,3,2,1100,12,2014,0,0,2014,0,0,0,0
879,3,0,2325,1,1990,1,5,1990,2,5,8,11
880,0,2,4570,1,1990,0,0,1990,0,0,0,0
881,0,0,180,3,2008,1,31,2008,2,5,8,11
882,0,0,30,4,2013,0,0,2013,0,0,0,0
883,0,0,3200,6,2005,0,0,2005,0,0,0,0
884,3,2,7550,1,1990,0,0,1990,0,0,0,0
885,0,0,480,12,2005,0,0,2005,0,0,0,0
886,0,2,12430,10,2004,0,0,2004,0,0,0,0
887,3,0,16107,1,1990,1,37,1990,1,4,7,10
888,3,0,4450,6,2012,1,35,2012,3,6,9,12
889,3,0,16107,12,2005,0,0,2005,0,0,0,0
890,0,0,4450,1,1990,1,14,1990,1,4,7,10
891,0,2,350,1,1990,1,31,1990,2,5,8,11
892,0,0,16107,4,2002,0,0,2002,0,0,0,0
893,0,0,130,1,1990,1,1,1990,1,4,7,10
894,0,0,190,11,2012,0,0,2012,0,0,0,0
895,0,2,4150,1,1990,0,0,1990,0,0,0,0
896,0,2,170,9,2012,0,0,2012,0,0,0,0
897,2,2,3290,1,2007,1,5,2007,2,5,8,11
898,0,0,16107,1,1990,0,0,1990,0,0,0,0
899,3,0,2590,1,1990,1,13,1990,1,4,7,10
900,0,0,3920,4,2005,1,40,2005,1,4,7,10
901,0,2,3170,4,2014,0,0,2014,0,0,0,0
902,0,0,310,5,2015,1,40,2015,1,4,7,10
903,3,2,7290,9,2014,0,0,2014,0,0,0,0
904,3,2,570,7,2013,1,14,2013,1,4,7,10
905,0,0,90,6,2014,0,0,2014,0,0,0,0
906,0,0,90,7,2010,0,0,2010,0,0,0,0
907,0,2,250,1,1990,0,0,1990,0,0,0,0
908,0,0,1980,7,2010,1,37,2010,1,4,7,10
909,0,2,1680,1,1990,1,45,1990,2,5,8,11
910,3,2,12480,1,1990,1,1,1990,1,4,7,10
911,0,2,16107,1,1990,0,0,1990,0,0,0,0
912,2,2,3100,5,2010,0,0,2010,0,0,0,0
913,0,0,280,1,1990,0,0,1990,0,0,0,0
914,2,2,2640,4,2011,1,22,2011,3,6,9,12
915,3,2,650,3,2013,1,40,2013,1,4,7,10
916,0,0,90,11,2012,0,0,2012,0,0,0,0
917,0,0,7240,2,2010,0,0,2010,0,0,0,0
918,0,2,16107,4,2015,0,0,2015,0,0,0,0
919,0,0,2620,1,1990,1,45,1990,2,5,8,11
920,0,0,850,2,2012,1,40,2012,1,4,7,10
921,0,0,840,9,2006,0,0,2006,0,0,0,0
922,3,0,2110,3,2006,0,0,2006,0,0,0,0
923,0,0,280,9,2008,0,0,2008,0,0,0,0
924,0,0,6420,4,2011,1,1,2011,1,4,7,10
925,2,0,470,3,2007,1,1,2007,1,4,7,10
926,3,2,5150,3,2011,1,13,2011,1,4,7,10
927,0,0,480,1,1990,0,0,1990,0,0,0,0
928,3,2,1090,1,1990,1,31,1990,2,5,8,11
929,0,2,4820,9,2013,0,0,2013,0,0,0,0
930,0,0,70,1,1990,0,0,1990,0,0,0,0
931,0,2,1480,9,2011,1,1,2011,1,4,7,10
932,0,0,15700,1,1990,1,13,1990,1,4,7,10
933,0,2,6270,2,2005,0,0,2005,0,0,0,0
934,0,2,5460,1,1990,1,14,1990,1,4,7,10
935,0,2,16107,6,2010,0,0,2010,0,0,0,0
936,0,0,580,2,2008,0,0,2008,0,0,0,0
937,3,0,2810,1,1990,1,10,1990,1,4,7,10
938,0,0,2820,9,2009,0,0,2009,0,0,0,0
939,3,0,1340,1,1990,0,0,1990,0,0,0,0
940,3,2,6470,9,2012,0,0,2012,0,0,0,0
941,0,0,1200,12,2011,1,31,2011,1,4,7,10
942,3,2,6860,1,1990,1,18,1990,1,4,7,10
943,3,2,16107,1,1990,0,0,1990,0,0,0,0
944,2,0,1670,7,2015,0,0,2015,0,0,0,0
945,0,2,12480,3,2011,0,0,2011,0,0,0,0
946,0,0,2220,12,2011,1,14,2011,1,4,7,10
947,0,0,460,3,2014,1,13,2014,1,4,7,10
948,1,1,1430,1,1990,0,0,1990,0,0,0,0
949,0,0,870,3,2006,0,0,2006,0,0,0,0
950,0,0,8460,11,1994,0,0,1994,0,0,0,0
951,3,2,710,1,1990,1,40,1990,1,4,7,10
952,3,2,6300,10,2013,0,0,2013,0,0,0,0
953,0,0,16107,4,2006,1,22,2006,3,6,9,12
954,0,0,390,2,2013,1,10,2013,1,4,7,10
955,3,2,1690,7,2009,1,36,2009,3,6,9,12
956,0,0,2330,10,2014,1,18,2014,2,5,8,11
957,3,2,1420,11,2012,0,0,2012,0,0,0,0
958,0,0,440,11,2013,0,0,2013,0,0,0,0
959,0,2,1060,12,2005,0,0,2005,0,0,0,0
960,3,0,8990,1,1990,1,31,1990,2,5,8,11
961,3,2,9430,1,1990,0,0,1990,0,0,0,0
962,2,0,260,1,1990,0,0,1990,0,0,0,0
963,0,2,16107,11,2013,0,0,2013,0,0,0,0
964,0,0,270,1,1990,1,5,1990,2,5,8,11
965,0,2,110,1,1990,0,0,1990,0,0,0,0
966,0,0,760,2,2008,0,0,2008,0,0,0,0
967,0,2,3560,9,2013,1,36,2013,1,4,7,10
968,2,0,1190,1,1990,0,0,1990,0,0,0,0
969,0,2,600,11,1999,1,10,1999,1,4,7,10
970,0,0,910,12,2014,1,37,2014,1,4,7,10
971,2,0,1140,5,2011,1,14,2011,3,6,9,12
972,0,0,14960,1,1990,0,0,1990,0,0,0,0
973,3,2,330,1,1990,1,28,1990,1,4,7,10
974,0,0,150,3,2011,1,40,2011,1,4,7,10
975,0,2,9630,1,1990,1,14,1990,1,4,7,10
976,0,0,4180,1,1990,0,0,1990,0,0,0,0
977,0,0,520,9,2005,1,13,2005,1,4,7,10
978,2,2,3890,1,1990,0,0,1990,0,0,0,0
979,0,2,2270,11,2005,1,14,2005,1,4,7,10
980,0,0,4420,9,2005,0,0,2005,0,0,0,0
981,3,2,2620,11,2002,0,0,2002,0,0,0,0
982,3,0,16107,1,1990,0,0,1990,0,0,0,0
983,0,0,40,3,2014,1,1,2014,1,4,7,10
984,2,0,440,1,1990,1,1,1990,1,4,7,10
985,2,2,490,5,2007,1,13,2007,1,4,7,10
986,0,0,620,10,2014,1,18,2014,2,5,8,11
987,2,0,1690,6,2007,0,0,2007,0,0,0,0
988,0,0,30,11,2012,0,0,2012,0,0,0,0
989,0,0,1640,6,2006,1,40,2006,1,4,7,10
990,3,0,16107,1,1990,0,0,1990,0,0,0,0
991,0,0,1010,1,1990,0,0,1990,0,0,0,0
992,0,0,2480,7,1990,0,0,1990,0,0,0,0
993,3,2,3460,10,2013,1,10,2013,1,4,7,10
994,0,0,2290,7,2011,1,1,2011,1,4,7,10
995,3,0,6560,12,2013,0,0,2013,0,0,0,0
996,2,0,2870,7,2015,1,13,2015,1,4,7,10
997,3,2,5840,7,2010,1,37,2010,1,4,7,10
998,0,0,780,9,2005,1,5,2005,2,5,8,11
999,3,2,15140,2,2002,1,37,2002,1,4,7,10
1000,0,2,2230,5,2009,1,40,2009,1,4,7,10
1001,2,0,16107,1,1990,1,14,1990,1,4,7,10
1002,3,2,1130,11,2008,0,0,2008,0,0,0,0
1003,0,0,170,7,2013,1,27,2013,1,4,7,10
1004,3,2,970,1,1990,1,9,1990,3,6,9,12
1005,0,0,6480,1,1990,0,0,1990,0,0,0,0
1006,2,2,3890,11,2006,1,5,2006,2,5,8,11
1007,2,2,4180,9,2012,0,0,2012,0,0,0,0
1008,0,2,30,9,2010,0,0,2010,0,0,0,0
1009,0,0,230,7,2004,1,10,2004,1,4,7,10
1010,3,2,4610,6,2010,1,18,2010,2,5,8,11
1011,0,2,490,9,2012,1,18,2012,2,5,8,11
1012,3,2,6330,6,2004,1,39,2004,1,4,7,10
1013,0,0,630,2,2015,1,31,2015,2,5,8,11
1014,0,2,210,1,1990,1,31,1990,1,4,7,10
1015,3,2,9910,12,2010,1,9,2010,3,6,9,12
1016,2,2,550,1,1990,1,35,1990,3,6,9,12
1017,2,0,110,11,2008,0,0,2008,0,0,0,0
1018,2,2,140,9,2012,0,0,2012,0,0,0,0
1019,3,2,2740,7,2014,1,13,2014,1,4,7,10
1020,0,0,40,8,2015,0,0,2015,0,0,0,0
1021,0,0,1080,5,2011,0,0,2011,0,0,0,0
1022,0,2,1520,1,1990,0,0,1990,0,0,0,0
1023,2,0,3740,2,2002,1,14,2002,1,4,7,10
1024,2,2,1990,1,2012,0,0,2012,0,0,0,0
1025,0,0,720,11,2009,0,0,2009,0,0,0,0
1026,2,0,450,6,2011,1,48,2011,3,6,9,12
1027,0,2,190,6,2008,1,40,2008,1,4,7,10
1028,0,0,150,1,1990,1,31,1990,1,4,7,10
1029,0,0,1590,3,2006,0,0,2006,0,0,0,0
1030,0,0,16107,4,2008,0,0,2008,0,0,0,0
1031,3,0,590,5,2001,0,0,2001,0,0,0,0
1032,3,2,270,2,2013,1,40,2013,1,4,7,10
1033,0,0,7680,3,2006,0,0,2006,0,0,0,0
1034,0,0,13750,4,2015,0,0,2015,0,0,0,0
1035,0,0,16107,1,1990,0,0,1990,0,0,0,0
1036,3,2,9560,1,1990,1,36,1990,1,4,7,10
1037,0,2,150,1,1990,0,0,1990,0,0,0,0
1038,3,0,16107,10,2013,0,0,2013,0,0,0,0
1039,0,2,70,6,1990,1,22,1990,3,6,9,12
1040,0,0,4030,2,2013,1,10,2013,1,4,7,10
1041,2,0,1600,8,2013,1,40,2013,1,4,7,10
1042,0,0,3440,1,1990,1,31,1990,2,5,8,11
1043,2,0,420,3,2006,0,0,2006,0,0,0,0
1044,2,0,240,4,2015,1,13,2015,1,4,7,10
1045,0,2,16107,12,2013,0,0,2013,0,0,0,0
1046,3,2,16107,4,2005,0,0,2005,0,0,0,0
1047,0,0,3750,1,1990,1,45,1990,2,5,8,11
1048,3,2,1860,9,2012,1,40,2012,1,4,7,10
1049,0,0,370,7,2012,1,14,2012,1,4,7,10
1050,3,2,13170,8,2014,1,9,2014,3,6,9,12
1051,2,0,200,7,1998,1,1,1998,1,4,7,10
1052,0,2,5080,1,1990,1,31,1990,2,5,8,11
1053,0,0,1710,7,2015,0,0,2015,0,0,0,0
1054,0,2,13190,1,1990,1,45,1990,2,5,8,11
1055,2,0,1980,4,2009,0,0,2009,0,0,0,0
1056,3,2,5350,1,1990,1,40,1990,1,4,7,10
1057,3,2,3230,11,2011,0,0,2011,0,0,0,0
1058,0,2,180,1,1990,1,35,1990,3,6,9,12
1059,2,0,3380,4,2013,0,0,2013,0,0,0,0
1060,0,2,3430,1,1990,1,31,1990,2,5,8,11
1061,3,2,8110,1,1990,0,0,1990,0,0,0,0
1062,3,0,190,9,2012,1,40,2012,2,5,8,11
1063,0,2,6250,1,1990,0,0,1990,0,0,0,0
1064,0,2,420,1,1990,0,0,1990,0,0,0,0
1065,0,0,1290,1,1990,1,35,1990,3,6,9,12
1066,0,0,3350,1,1990,0,0,1990,0,0,0,0
1067,3,2,12020,7,2009,0,0,2009,0,0,0,0
1068,3,2,5010,1,1990,1,5,1990,1,4,7,10
1069,0,2,16107,1,1990,1,14,1990,1,4,7,10
1070,2,2,400,10,2008,0,0,2008,0,0,0,0
1071,0,0,820,3,2012,1,35,2012,3,6,9,12
1072,0,2,5380,8,2015,1,5,2015,2,5,8,11
1073,0,2,1710,1,1990,1,44,1990,1,4,7,10
1074,2,2,3330,10,2001,1,14,2001,1,4,7,10
1075,0,2,1410,10,2013,0,0,2013,0,0,0,0
1076,0,2,90,1,1990,1,1,1990,1,4,7,10
1077,0,0,3750,11,2001,1,35,2001,3,6,9,12
1078,3,2,670,1,1990,1,40,1990,1,4,7,10
1079,0,0,16107,1,1990,1,37,1990,1,4,7,10
1080,0,0,2410,1,1990,1,40,1990,1,4,7,10
1081,1,0,400,3,2006,0,0,2006,0,0,0,0
1082,2,0,440,4,2002,0,0,2002,0,0,0,0
1083,3,2,11540,1,1990,1,5,1990,2,5,8,11
1084,0,0,190,1,1990,1,13,1990,1,4,7,10
1085,2,0,4030,2,2015,0,0,2015,0,0,0,0
1086,0,0,180,11,2013,1,18,2013,2,5,8,11
1087,3,2,2210,11,2011,0,0,2011,0,0,0,0
1088,0,0,4300,3,2009,1,27,2009,1,4,7,10
1089,3,0,5220,5,2009,0,0,2009,0,0,0,0
1090,0,0,330,1,1990,1,14,1990,1,4,7,10
1091,0,2,9990,1,1990,0,0,1990,0,0,0,0
1092,0,0,300,7,2000,1,40,2000,1,4,7,10
1093,2,2,10450,6,2009,0,0,2009,0,0,0,0
1094,3,0,2380,3,2013,1,40,2013,1,4,7,10
1095,0,0,690,6,2007,1,14,2007,1,4,7,10
1096,0,2,1130,1,1990,1,10,1990,3,6,9,12
1097,1,1,720,3,2002,0,0,2002,0,0,0,0
1098,0,0,1830,11,2004,0,0,2004,0,0,0,0
1099,0,2,200,4,2013,1,14,2013,1,4,7,10
1100,0,0,540,1,1990,1,14,1990,1,4,7,10
1101,3,2,4060,9,2012,0,0,2012,0,0,0,0
1102,0,0,850,11,2012,1,40,2012,1,4,7,10
1103,3,2,1340,10,2006,1,5,2006,2,5,8,11
1104,3,0,260,2,2012,1,14,2012,1,4,7,10
1105,2,2,330,11,2008,1,5,2008,2,5,8,11
1106,0,2,5330,9,2011,1,31,2011,1,4,7,10
1107,0,0,1400,6,2012,1,13,2012,1,4,7,10
1108,0,0,540,4,2004,0,0,2004,0,0,0,0
1109,2,0,3490,4,2011,1,22,2011,1,4,7,10
1110,2,2,900,9,2010,0,0,2010,0,0,0,0
1111,0,0,1900,6,2014,1,31,2014,1,4,7,10
1112,2,2,1880,4,2006,0,0,2006,0,0,0,0
1113,0,2,9260,1,1990,0,0,1990,0,0,0,0
1114,0,2,870,1,1990,0,0,1990,0,0,0,0
1115,3,2,5350,1,1990,1,22,1990,3,6,9,12
